mfcc_1,mfcc_2,mfcc_3,mfcc_4,mfcc_5,mfcc_6,mfcc_7,mfcc_8,mfcc_9,mfcc_10,mfcc_11,mfcc_12,target,Label,Score_0,Score_1,Score_2,Score_3,Score_4
59.915348,-0.42519414,-3.2694046,-32.32378,5.0206513,-3.737729,-17.051424,-0.9920899,-19.146818,-7.4638577,-4.6849885,-17.031286,5,5,0.01,0.0,0.0,0.09,0.9
77.16089,-26.699377,-5.1037908,-20.874716,26.386423,-5.2362742,-1.1043234,10.303324,-10.719768,-8.6405735,-6.488066,-3.0430574,5,5,0.13,0.08,0.08,0.25,0.46
72.1276,-5.7603097,13.724669,-28.095846,13.692822,-5.0230384,-13.767519,3.7007618,-13.895044,-8.318637,-6.9939413,-8.115171,5,5,0.03,0.06,0.05,0.31,0.55
48.969288,-8.337149,15.144179,-29.646292,10.064731,-7.795639,-6.2182574,2.2269707,-15.397196,-7.8185177,-5.7394195,-12.637894,5,5,0.0,0.01,0.01,0.43,0.55
57.71311,-1.6256952,9.093662,-24.292955,16.549225,-8.229809,-10.89134,-0.34997186,-13.691017,-7.590554,-7.1841826,-8.914411,5,5,0.01,0.05,0.02,0.38,0.54
64.18025,-11.329854,8.364056,-33.70346,6.7495785,-1.1283875,-14.678849,-0.6175524,-14.154945,-7.2959976,-3.2683127,-16.322136,5,5,0.02,0.01,0.01,0.21,0.75
53.02943,-12.219799,7.2194457,-28.56836,5.6380477,-8.450763,-15.691333,0.65800524,-10.858131,-13.739481,1.1849166,-14.845846,5,4,0.01,0.0,0.01,0.54,0.44
93.90341,-3.1952765,-19.868715,2.0049465,27.120546,-0.60509086,-0.49419287,4.617598,-10.518177,-3.2646625,-16.065046,-17.5347,5,5,0.08,0.03,0.03,0.26,0.6
59.671074,-6.4856052,-18.087473,-2.4829423,4.0720925,-7.336972,-8.3559,-7.790625,-11.12936,-14.065678,-2.9983222,-13.319544,5,5,0.05,0.15,0.06,0.28,0.46
78.891396,-26.064154,-8.701418,-31.389141,12.08163,0.31886184,-23.307907,4.3713546,-10.738398,-18.960005,8.406441,-24.82457,5,5,0.04,0.02,0.06,0.08,0.8
80.77758,2.4783392,15.0055065,-27.419712,10.240204,2.4561536,-12.8460655,3.0389948,-14.420281,-7.8457947,-3.7015026,-10.264395,5,5,0.04,0.15,0.06,0.21,0.54
103.53358,-13.877901,35.113544,4.035442,6.299269,2.029146,-6.327434,-2.8692007,2.9179015,-4.7733064,5.6943655,-1.0841796,6,2,0.28,0.4,0.28,0.03,0.01
62.848236,-35.531277,-7.005988,-28.132046,9.745074,-18.668331,-18.43426,-7.7492113,-12.283441,-14.882866,-7.753864,-7.4419627,6,5,0.05,0.08,0.02,0.1,0.75
58.21651,-24.334324,-10.429077,-3.0217772,16.058645,-8.547007,-12.326124,-2.5750372,-4.0532923,-13.560876,-3.1729782,-5.2233515,6,4,0.1,0.19,0.14,0.36,0.21
63.293503,-2.5056136,26.32305,-16.571424,9.610004,-7.40589,0.7374008,-6.5355315,1.9759606,-9.297194,5.9131784,-3.0314755,6,2,0.13,0.37,0.35,0.12,0.03
103.96486,-4.8687897,32.50895,4.7984023,9.786543,-1.5006027,0.4322608,3.5073977,3.0877264,-10.954389,3.488477,-2.3996308,6,1,0.54,0.33,0.12,0.01,0.0
58.99342,-5.875068,15.022779,2.3670554,-10.033176,-12.0571995,-8.117224,-11.805975,-3.2113538,-11.888772,-2.724375,-2.1681433,6,2,0.23,0.39,0.21,0.15,0.02
56.540947,-38.835743,11.272488,-17.505836,-9.078788,-8.932457,-15.34803,-4.462747,-9.342962,-10.021056,-2.057942,-7.760049,6,5,0.05,0.19,0.09,0.24,0.43
-0.031197384,-44.801342,-14.738188,-36.05079,-7.037851,-13.566528,-9.115767,-1.5431756,7.446061,8.094909,7.221346,-8.5060625,6,5,0.03,0.02,0.07,0.01,0.87
48.70137,-45.60654,-2.3363538,-28.827019,-6.4536834,-11.604233,-25.781582,-5.171436,-8.636506,-17.17992,-2.9581673,-6.717175,6,5,0.07,0.03,0.0,0.09,0.81
36.390064,-3.6444442,13.671925,-18.26094,-2.5688348,-4.5107923,-15.711557,-8.55521,-6.334753,-10.33036,-5.5376754,-6.02255,6,4,0.11,0.12,0.11,0.35,0.31
49.109055,-33.147457,8.975298,-15.991149,-5.678449,-11.716365,-15.695099,-8.501584,-15.605241,-9.27029,-4.3733554,-11.267516,6,5,0.09,0.12,0.04,0.23,0.52
12.250798,-20.592014,12.168452,-24.05428,-16.811686,-8.512246,-20.345848,-11.88359,-9.396917,-13.561003,-0.47855717,-16.81718,6,5,0.11,0.07,0.02,0.36,0.44
13.789098,-19.842705,-7.007788,-13.176865,25.36697,-7.6297216,-14.978564,-0.82100856,-5.535638,-19.445751,7.201323,-9.666508,6,5,0.05,0.05,0.14,0.35,0.41
-2.1792011,-62.54696,-14.845289,-27.70041,-10.135402,-12.53611,-3.1855273,4.165526,10.489274,-9.319101,4.4810686,-1.6727581,6,5,0.16,0.11,0.15,0.1,0.48
56.28588,-26.314777,7.471053,-8.812357,1.4763173,-16.35393,-11.000173,-3.9240215,-7.952263,-10.265232,-6.760445,-1.4190692,6,4,0.24,0.17,0.08,0.32,0.19
62.737667,-40.260822,10.062828,-25.931822,-5.6834793,-6.75567,-20.676044,-8.660253,-13.67478,-17.150137,-7.6406674,-10.514294,6,5,0.02,0.16,0.02,0.16,0.64
42.609585,-45.77181,0.29452977,-29.122278,2.4761555,-4.5514984,-26.452635,-4.4613266,-11.825131,-11.623543,-4.6110826,-9.305033,6,5,0.04,0.04,0.0,0.08,0.84
57.53559,-31.215992,-20.511162,-18.756819,10.902912,-7.9679136,-13.7944765,-9.366183,-4.7088795,-11.024082,-2.1358552,-5.128179,6,5,0.12,0.1,0.07,0.24,0.47
28.31483,-26.075468,-3.2671533,-7.16704,11.321389,-10.6727,-11.221058,3.6317415,0.5357905,-14.602958,2.7776258,-0.37513807,6,4,0.17,0.19,0.2,0.28,0.16
26.159334,-39.004128,8.052664,-11.315669,-7.4817076,-8.668478,-8.363422,2.774315,-15.09353,-18.465872,6.5320873,-3.077041,6,5,0.1,0.1,0.19,0.2,0.41
94.50291,8.966261,38.613987,-2.1750495,9.173817,-3.5983534,1.6444151,-0.12117132,11.471191,2.0904977,4.2416434,-6.75713,6,2,0.36,0.38,0.2,0.02,0.04
32.287872,-49.60435,-9.078413,-31.292238,1.7490135,-17.994925,-26.432852,-1.3665174,-9.07366,-15.871435,5.919161,-0.6587835,6,5,0.01,0.02,0.02,0.14,0.81
-6.9326973,-70.04778,-25.834661,-36.10703,-11.805439,-12.796656,-5.169764,1.1732949,17.743826,-5.8085084,17.202291,-2.0266433,6,5,0.03,0.07,0.11,0.04,0.75
78.307175,-42.31956,-5.232647,-31.093304,8.617527,-15.743359,-19.213526,-8.049101,-15.931027,-16.86956,-4.3018217,-8.018123,6,5,0.11,0.09,0.0,0.06,0.74
30.711597,-52.846344,-8.482067,-35.192623,-10.261464,-11.747095,-21.92968,-10.151682,-5.602133,-16.865335,4.7674336,-6.16977,6,5,0.07,0.05,0.01,0.09,0.78
31.263285,-11.39747,5.4360867,-9.924974,-5.626397,-3.5401847,-14.100122,-8.38886,-6.6884866,-11.181992,-1.5445833,-5.967544,6,1,0.32,0.07,0.12,0.32,0.17
47.644066,-22.04519,23.566345,-20.328362,-11.316326,-7.640047,-17.105211,-16.239761,-13.1559925,-14.052328,-5.9606447,-9.482231,6,5,0.22,0.14,0.03,0.25,0.36
33.6336,-29.18896,18.028002,-11.578839,-5.8612943,-3.7672534,-5.914075,-1.5587931,-8.91818,-7.936717,-1.1594754,-4.48844,6,4,0.12,0.22,0.18,0.3,0.18
72.523796,-29.118229,-0.84920484,-15.816859,-0.14667864,-8.375303,-17.484577,-10.195298,-5.897455,-16.104862,-4.56288,-10.898965,6,5,0.13,0.18,0.09,0.18,0.42
113.80097,-6.993815,22.031813,0.3290164,11.094588,5.5866957,-6.533187,-0.62843996,2.0029104,-11.475791,-3.2315292,-7.7660728,6,2,0.15,0.47,0.12,0.18,0.08
120.29825,-10.6217985,45.957565,3.8020957,13.310454,-0.012523947,1.3216196,2.4728253,10.539892,-7.4612904,0.5703966,-6.502628,6,2,0.17,0.68,0.14,0.01,0.0
20.67404,-20.531597,18.31908,-15.941609,4.640456,-8.905798,-4.3769855,-6.2572727,-2.9192395,-15.863142,-2.4100723,-4.3907537,6,2,0.15,0.28,0.2,0.22,0.15
-5.9955854,-67.301895,-9.927931,-36.582237,-17.907284,-14.7360935,-7.0125895,-6.335261,4.2913027,-10.688756,15.876873,0.6322063,6,5,0.1,0.16,0.07,0.01,0.66
72.501366,-27.644953,-16.209772,-23.890644,8.378665,-2.1289742,-32.78785,-14.21671,-3.8660293,-17.004566,-4.6420918,-9.753819,6,5,0.2,0.12,0.13,0.05,0.5
41.690796,-30.522764,13.84947,-28.33796,-13.040722,-7.6958666,-31.853336,-12.380668,-17.006142,-6.7370706,-3.0420797,-13.038007,6,5,0.09,0.08,0.01,0.19,0.63
30.490046,-34.57171,-10.667243,-31.267925,-11.595015,-11.8132,-21.584415,-12.135506,-10.636374,-7.339414,2.7527926,-5.472141,6,5,0.12,0.07,0.02,0.06,0.73
19.997156,-54.307842,-14.294848,-40.077724,-5.251873,-20.183378,-12.233906,-12.5957,-16.811352,0.9760314,4.7420726,5.8443565,6,5,0.03,0.08,0.05,0.05,0.79
71.206795,-38.619827,-14.4454565,-29.493492,7.6755333,-17.571707,-13.048843,-9.093006,-12.211868,-17.894201,4.9180174,-1.0681046,6,5,0.09,0.05,0.09,0.03,0.74
39.819553,-9.572249,8.391094,-2.247504,0.4979184,-3.8016334,0.7026649,-1.3670086,-6.5699754,-5.01976,2.6183982,-2.6978176,6,1,0.29,0.14,0.25,0.27,0.05
61.432846,-31.59203,4.503735,-20.74157,4.0457325,-10.626107,-10.720295,-10.058562,-15.912921,-11.160473,-7.627535,-4.48477,6,5,0.17,0.17,0.06,0.19,0.41
71.683334,-16.98802,15.654126,-3.788657,-9.918353,-7.2896495,-12.973414,-12.057077,-6.122902,-12.181312,0.70352715,-5.724789,6,2,0.23,0.26,0.25,0.16,0.1
74.889694,-30.90421,11.278469,-15.129525,-13.592795,-13.23234,-11.2703,-8.628062,-9.375372,-7.984166,0.3989682,-8.9572315,6,5,0.22,0.18,0.16,0.18,0.26
51.87097,-16.91961,14.266945,-21.936584,-0.8355666,-11.1395645,-14.26642,-11.982072,-15.435872,-15.795021,-3.6520138,-9.641258,6,5,0.11,0.12,0.04,0.25,0.48
46.63,-59.14015,-7.2301717,-17.776955,3.9550364,-1.5158244,-10.807876,0.29164508,-5.431017,-11.495072,-2.6585772,-8.716851,6,5,0.15,0.14,0.06,0.25,0.4
38.64817,-10.672217,8.130188,-13.205173,10.220861,-8.940749,-6.373425,-4.4438787,-8.726795,-17.239767,0.4187402,-3.8540401,6,3,0.09,0.18,0.25,0.24,0.24
57.728428,-22.01099,12.129,-14.2854595,-5.0804586,-11.841217,-15.400154,-13.696571,-8.216937,-19.643541,-7.6173983,-9.184656,6,4,0.19,0.16,0.09,0.32,0.24
31.429628,-43.746017,1.5891773,-36.770245,-0.30409703,-12.793202,-28.095205,-8.433846,-12.212971,-16.180803,1.8794446,-3.9296107,6,5,0.04,0.01,0.0,0.02,0.93
82.90026,-20.76751,6.2915616,-18.931423,-6.7624416,-10.138588,-23.037043,-10.9114275,-7.064915,-13.383726,-5.882088,-7.0478597,6,5,0.21,0.12,0.1,0.2,0.37
59.28936,-61.02001,-9.059827,-35.239193,-1.5180461,-3.7100656,-30.001068,-1.1361556,-8.274368,-13.158101,-11.379968,-6.6656775,6,5,0.05,0.03,0.01,0.07,0.84
56.01247,-45.35627,-6.030705,-25.308113,1.7601863,-14.140064,-9.51351,-5.398836,-14.529251,-14.792933,-1.2919854,-7.53528,6,5,0.07,0.09,0.03,0.08,0.73
48.942253,-24.43864,-6.796245,-14.507621,9.30831,-6.815817,-10.860843,-5.1676264,-0.5685264,-14.759482,-0.5994642,-4.095575,6,1,0.24,0.17,0.16,0.2,0.23
45.532494,-13.979704,7.3269057,-8.909573,-6.510318,-11.847926,-12.261008,-10.166305,-3.885522,-9.291554,-3.0564466,-7.6168084,6,4,0.28,0.12,0.15,0.3,0.15
100.643555,-4.674248,36.044697,5.1877704,3.2331982,-5.774779,-1.5527945,0.20501198,-3.1613839,-2.320375,1.0419296,-5.9109664,6,1,0.51,0.38,0.05,0.04,0.02
64.2767,-17.937878,10.129819,-14.745221,-1.0125933,-10.690839,-8.199851,-11.997983,-10.333047,-12.900079,-4.0638766,-9.52292,6,5,0.19,0.1,0.16,0.24,0.31
78.92652,5.816367,21.892601,-1.6698763,8.267125,0.860094,-3.217473,-7.521769,2.967852,-6.3298244,1.1064563,-3.1466134,6,2,0.26,0.34,0.3,0.07,0.03
112.30749,-6.5280786,28.224546,-1.4341962,13.475836,5.344767,-6.7269154,-1.3521785,5.759445,0.5575084,3.710783,-6.070839,6,2,0.23,0.5,0.14,0.03,0.1
63.04899,-31.426163,14.000771,-22.161879,-9.194013,-13.581923,-23.798325,-14.601336,-13.808577,-12.815477,-2.4353526,-14.177436,6,5,0.08,0.13,0.04,0.21,0.54
58.662865,-34.59545,2.5112643,-23.081806,-9.275445,-14.403156,-25.774218,-15.5362835,-8.432089,-16.650478,-3.9263444,-10.028239,6,5,0.19,0.12,0.04,0.05,0.6
59.665787,-36.6441,-7.636967,-14.964834,1.7607576,-28.905603,-18.512789,-9.336488,-7.8101864,-19.830214,-2.6969411,-12.196307,6,5,0.06,0.18,0.14,0.23,0.39
57.94481,-8.023654,-9.094248,-18.790571,10.343248,-12.884965,-17.372166,-12.004565,-4.4146852,-11.478916,-3.2810476,-14.224059,6,5,0.11,0.07,0.07,0.3,0.45
71.244286,-12.173525,1.8839414,-12.52964,-2.9797986,-15.510984,-6.962236,-15.419262,-13.781626,-9.75221,-3.721983,-12.400678,6,5,0.26,0.15,0.08,0.19,0.32
64.44367,-7.6621447,5.030778,-10.389134,4.1030445,-12.076779,-8.731427,-7.2733855,-3.5783894,-9.815493,-3.438257,-8.270886,6,4,0.2,0.15,0.14,0.29,0.22
64.92914,-8.987017,-7.489005,-20.089952,8.009132,-8.225406,-9.535934,-11.389142,-0.37020966,-17.107004,-3.4856143,-15.524613,6,5,0.08,0.1,0.16,0.31,0.35
72.32058,-0.41941193,-15.413536,-25.018997,4.687392,-17.893682,-15.4157715,-9.356808,-14.893479,-11.950892,-0.31068468,-16.376106,6,5,0.06,0.05,0.0,0.09,0.8
88.183784,-7.347423,-9.044582,-14.625019,14.227704,-3.789233,-10.076541,-2.293514,-11.320098,-9.251217,-3.1472049,-13.540749,6,5,0.05,0.06,0.05,0.27,0.57
62.67545,-6.721154,-3.1875849,-10.045502,10.881213,-5.512029,1.6905513,-0.26800418,-8.803266,-7.765589,2.699523,-11.2583275,6,3,0.09,0.14,0.33,0.23,0.21
81.27449,-6.177684,-7.4662557,-19.380327,13.933128,-7.221075,-16.293648,-1.3649745,-2.4341362,-12.61645,-0.122433856,-9.168462,6,5,0.05,0.05,0.08,0.33,0.49
82.52095,-3.1865358,-7.57514,-5.7140136,10.358398,-14.164492,-11.149262,-0.9330575,-6.339037,-11.217942,-2.9504478,-7.1207886,6,4,0.12,0.14,0.1,0.34,0.3
44.212265,1.6072042,-11.194458,-17.855177,12.107779,-14.732399,-11.427403,-14.148731,-6.3487244,-7.459681,-0.61811537,-13.565264,6,4,0.13,0.07,0.08,0.37,0.35
78.911095,-13.827387,-9.385738,-12.590242,9.678864,-16.386381,-11.344565,-8.901991,-15.594674,-13.738393,-2.0707154,-14.018483,6,5,0.08,0.12,0.01,0.25,0.54
66.546844,-9.347249,-2.0510159,-16.147402,7.631976,-17.157322,-15.719341,-9.918421,-3.8894732,-15.114726,-5.769769,-7.2161565,6,5,0.18,0.11,0.12,0.25,0.34
82.16795,-10.099317,-6.0491138,-13.764102,4.9402905,-12.051667,-9.366691,-7.0744705,-10.084141,-14.690294,-3.9888706,-12.260364,6,5,0.08,0.09,0.13,0.28,0.42
91.95006,-6.9230123,-11.919193,-26.343801,5.53043,-1.6502676,-9.848064,-7.192465,-10.602197,-8.958165,-1.1461986,-10.492303,6,5,0.07,0.07,0.03,0.1,0.73
96.85663,-14.399202,-46.558495,-11.46922,42.29621,-8.414191,-11.546067,-0.43064615,-13.671614,-16.850973,2.9706807,-19.506443,6,5,0.01,0.05,0.04,0.23,0.67
62.100346,-0.87619305,-1.3733383,-23.506578,3.4468086,-5.535057,-13.696861,-8.354082,-8.288223,-12.721374,-7.079469,-8.953196,6,5,0.12,0.05,0.03,0.2,0.6
33.13901,-31.403967,17.987417,-29.0104,2.2652955,-4.1673026,-3.344056,-9.008226,-7.9131565,-5.631559,-3.1623507,-10.408631,6,5,0.04,0.22,0.09,0.17,0.48
38.954323,-6.8396006,-7.555531,-10.91667,5.8679924,-13.258584,-7.2907004,-7.3522735,-8.597112,-6.9649806,-0.5706472,-10.565998,6,5,0.1,0.06,0.07,0.34,0.43
83.4387,-29.13272,-4.270658,-14.396698,23.382048,-9.434308,0.3319214,0.23269545,-16.518156,-15.8046055,3.8112087,-17.371544,6,5,0.03,0.08,0.2,0.26,0.43
61.829155,-23.429747,-14.176775,-17.047117,-4.106301,-14.959434,-4.8518095,-13.643391,-18.270231,-12.70751,-2.829995,-17.537355,6,5,0.19,0.07,0.04,0.24,0.46
65.98483,-27.267813,-18.667046,-20.322882,4.814965,-15.357287,-18.415737,-9.7273855,-8.876097,-13.998572,-1.6001087,-15.289605,6,5,0.09,0.06,0.03,0.13,0.69
45.963448,-33.68811,0.23407176,-19.347933,-7.4022365,-9.73655,-0.39284638,4.597286,-14.846169,-14.893855,-3.4171271,-11.151276,6,5,0.05,0.15,0.08,0.28,0.44
25.962036,-15.951176,-4.512875,-15.305754,0.7730764,-6.258869,-3.0164242,1.3245826,-14.249102,-9.974359,-2.8865464,-12.160503,6,5,0.0,0.09,0.03,0.34,0.54
63.86045,-26.303959,6.415388,-17.306358,-10.125369,-6.3887486,-5.6514354,0.8510063,-16.210379,-13.493154,-5.3709846,-11.463357,6,5,0.06,0.17,0.03,0.32,0.42
35.914455,-29.238396,4.1348724,-21.452436,-1.9054639,-9.827209,-0.81017655,0.91362417,-13.907947,-11.376918,-2.3252082,-6.335852,6,5,0.04,0.12,0.06,0.28,0.5
51.57782,-22.559727,5.8283978,-19.0367,-6.8471212,-5.316275,-11.43329,-2.4128604,-15.577018,-13.006485,-2.9615264,-10.4987955,6,5,0.04,0.09,0.03,0.29,0.55
40.46766,-29.738071,0.009658373,-15.956248,-3.876817,-7.078701,-3.944274,4.432797,-14.852078,-9.586376,-4.0950437,-8.215045,6,5,0.08,0.16,0.02,0.25,0.49
51.96843,-18.042917,-20.449644,-26.855692,2.9489403,4.2890925,-12.656662,-4.388897,-6.9974165,-10.908364,-4.036714,-7.3586984,6,5,0.05,0.05,0.03,0.08,0.79
65.88876,-5.1129103,7.585586,-17.4805,-4.1280107,8.88442,-10.219787,-11.862725,-8.172479,-12.410315,-0.8480138,-6.433503,6,3,0.2,0.12,0.24,0.23,0.21
70.90115,-9.13207,8.437073,-12.39393,-4.186853,0.90544826,-9.07207,-11.663234,-8.319051,-14.164364,-6.6143584,-8.752694,6,4,0.17,0.16,0.19,0.29,0.19
51.494064,-23.37607,-14.289837,-32.129642,-6.3209133,-2.3942733,-7.895124,-1.4537829,-2.349357,-17.535168,-3.3188684,-4.637918,6,5,0.15,0.1,0.08,0.14,0.53
46.65512,-24.89666,4.3850603,-20.469631,-0.08568295,-7.094747,-4.3897805,-2.4870741,-11.737751,-16.453144,-4.369558,-8.6126175,6,5,0.02,0.17,0.09,0.23,0.49
67.66324,-41.012016,7.870886,-31.963037,5.017123,-11.699422,-10.339445,6.3109813,-15.165329,-14.281385,-11.180148,-8.23789,6,5,0.03,0.08,0.06,0.21,0.62
51.119823,-35.637566,-0.23286867,-17.29635,-0.6515379,-7.7466664,-3.1838756,-2.1179156,-15.654991,-17.823458,-2.831735,-9.090739,6,5,0.03,0.16,0.12,0.19,0.5
18.52059,-20.962938,20.516874,-22.801588,-9.013785,-1.9372149,12.549548,-13.361291,-6.9458504,-8.891896,1.5376344,-12.857403,6,2,0.2,0.32,0.2,0.06,0.22
55.578625,-41.01533,-9.041123,-7.8904014,7.9016542,-10.211402,7.332823,-7.659906,-9.873352,-12.930293,-1.3155116,-10.112544,6,5,0.18,0.25,0.19,0.12,0.26
26.966412,-25.393461,-6.687399,-14.265595,-5.9949517,-4.967242,-5.409235,-9.0893955,-11.974837,-16.23206,-2.6106277,-7.606207,6,5,0.13,0.25,0.1,0.1,0.42
24.620296,-63.79661,-30.313263,-18.363123,7.540676,-23.506287,-13.868924,4.4261746,-7.99057,0.017850332,18.1383,0.10588119,6,5,0.06,0.07,0.06,0.18,0.63
33.775803,-32.546593,-7.975864,-20.526255,-1.8477883,-11.820613,-2.7768106,-4.639246,-7.937827,-14.705999,1.28373,-7.768869,6,5,0.09,0.18,0.17,0.12,0.44
43.441353,-21.898798,18.533756,-20.028128,-7.15319,-1.6841332,-15.186432,-14.710209,-9.348451,-16.024773,3.7792485,-17.803892,6,4,0.03,0.14,0.12,0.36,0.35
64.64695,-4.764164,11.92058,-8.552928,-1.6021206,-2.03279,-11.110082,-15.834034,-6.1672487,-18.265886,-2.9923842,-10.303893,6,3,0.22,0.16,0.24,0.24,0.14
30.311903,-21.773293,6.4625607,-21.250809,-8.597269,-10.6766615,-15.083755,-10.193811,-5.3707557,-7.96747,-3.6650429,-1.4244733,7,5,0.18,0.12,0.07,0.22,0.41
65.07454,-20.616207,6.5471244,-19.268074,-10.518437,-5.6789837,-8.112254,-10.819396,-8.186803,-10.484749,-5.569692,-10.612129,7,4,0.24,0.1,0.06,0.31,0.29
59.842625,-6.6709385,15.669706,-12.82164,-14.489542,-3.5959024,-20.359552,-11.618425,-12.513272,-12.6983,-2.9271111,-15.604373,7,4,0.11,0.05,0.06,0.47,0.31
49.8992,-49.523697,-12.145118,-48.01896,-0.21871562,-23.464706,-30.342936,-8.43636,-11.121339,-10.834933,9.856533,6.636455,7,5,0.02,0.05,0.02,0.02,0.89
89.79766,-36.445107,14.523107,-14.817489,0.8810196,-5.3371277,1.5017295,-1.8865274,-6.741985,-5.3590264,-2.424141,-15.83189,7,2,0.12,0.34,0.13,0.29,0.12
67.98859,-60.568653,7.330526,-28.881111,-30.693693,-7.7788815,-24.036772,-19.085632,-0.4105199,-25.47191,7.274561,-12.686858,7,5,0.13,0.14,0.25,0.07,0.41
84.20066,-13.894554,4.684372,-18.703613,-11.910932,-9.534602,-20.94036,-9.503158,-15.785632,-13.493073,-6.9892063,-12.651665,7,5,0.11,0.09,0.04,0.18,0.58
58.171955,-33.854504,-17.77398,-36.856197,4.2799706,-20.78427,-26.640274,-3.5930462,-12.780422,-7.7796454,-0.7285433,-7.2753463,7,5,0.0,0.03,0.01,0.02,0.94
88.129005,-15.139412,8.975096,-20.406652,6.3098974,-6.9848223,-8.724593,-6.823548,-5.229014,-4.9161797,-3.2307715,-13.540787,7,4,0.22,0.18,0.05,0.29,0.26
86.262054,-16.809883,6.6580873,-12.982147,-6.7326374,-0.053394098,-19.375267,-9.513026,-8.718542,-14.116647,3.4550462,-18.292423,7,5,0.07,0.11,0.19,0.3,0.33
9.683573,-53.668583,3.4159057,-42.694744,-14.779158,-11.39146,-26.956652,-6.754606,-2.6675923,-3.7279894,10.914577,-2.8986323,7,5,0.06,0.01,0.0,0.05,0.88
68.3806,-3.0667853,18.769382,10.063428,-2.5977557,1.3240685,-4.072493,-11.188107,-7.740715,-3.5354393,-6.0882998,-16.062735,7,1,0.42,0.15,0.05,0.32,0.06
78.79888,-19.329351,10.904713,-5.079783,9.548184,2.1704624,3.925279,4.44582,4.683193,-7.6595745,4.5089784,-7.597414,7,2,0.06,0.51,0.29,0.12,0.02
67.24653,-16.737988,-3.1400905,-38.347763,-0.5689449,-14.606816,-31.714916,-7.9230347,-14.315328,-10.678015,-8.003149,-13.403388,7,5,0.02,0.01,0.0,0.08,0.89
48.686504,-19.65056,6.0357466,-10.861289,-0.26748252,-3.5788388,-6.2814274,-7.728181,-9.350918,-9.687387,3.6881225,-10.86565,7,4,0.17,0.21,0.17,0.26,0.19
25.433098,-29.7697,-42.674065,-22.711956,4.1048574,-29.20105,18.72224,-8.281253,6.699625,-13.402622,-6.2923236,-4.4492154,7,2,0.25,0.34,0.08,0.04,0.29
35.226765,-57.394333,-20.745296,-25.917162,-16.256144,-7.599375,-16.243217,-7.5255895,7.765798,-17.52421,3.671635,-4.519827,7,5,0.19,0.22,0.1,0.11,0.38
39.877262,-34.40295,2.1041603,-24.348211,-12.086806,-6.089538,-18.241516,-15.765996,-4.260785,-17.716976,1.2770433,-13.878757,7,5,0.24,0.08,0.05,0.29,0.34
83.144394,-15.05373,9.330844,-9.586924,-3.5846598,-0.27659407,2.0905282,-3.3154202,-5.827508,-1.4765625,0.40394354,-8.639033,7,2,0.21,0.28,0.23,0.1,0.18
62.824688,-12.955198,-0.54985994,-20.045038,-4.674601,-0.825364,-15.378094,-13.877988,-12.526637,-15.2876425,6.733644,-15.036389,7,5,0.1,0.02,0.14,0.11,0.63
31.350483,-53.248047,-1.9468292,-31.543781,-13.939059,-20.753143,-9.249011,-11.555599,-6.9083,-9.356114,6.5895324,1.9332722,7,5,0.18,0.25,0.02,0.07,0.48
52.446003,-7.565175,9.681148,-11.28441,-8.383225,-2.8382072,-1.6634209,-7.737689,-5.3280106,-10.053361,-3.8390546,-9.804141,7,4,0.08,0.19,0.26,0.37,0.1
64.5432,1.0524293,20.75915,-7.250335,-1.7330707,1.3152485,-12.506856,-13.821232,-4.3993616,-11.963545,4.30538,-16.977749,7,4,0.14,0.08,0.23,0.49,0.06
56.410923,-26.373453,-9.724972,-13.572477,-6.5020447,-2.8808367,-12.0467615,-13.401158,-5.658818,-9.560408,5.8284173,-16.024172,7,4,0.23,0.11,0.19,0.24,0.23
54.809727,-8.80397,6.784727,-8.712948,-11.611313,-3.0046482,-2.1610854,-4.42017,-7.155764,-11.464006,1.6402724,-5.2609653,7,3,0.21,0.12,0.46,0.12,0.09
46.077583,-16.27931,-5.4708486,-4.9917383,-2.761962,-2.5282419,2.631654,-2.111861,1.0281231,-11.545084,2.4953494,-2.5263155,7,3,0.07,0.25,0.5,0.14,0.04
42.101124,-23.217806,3.687846,-25.352015,-20.780703,-15.2229,-15.820598,-14.932966,-10.799694,-4.8630433,-5.3483906,3.7963228,7,5,0.24,0.11,0.05,0.11,0.49
9.206757,-46.498108,-19.758333,-28.84689,-6.336581,-23.336924,9.86143,-9.008498,-1.665176,-11.183042,8.597904,-4.1653004,7,5,0.17,0.15,0.14,0.08,0.46
67.274185,-34.30889,-9.38364,-25.604229,-11.268656,-16.928411,-19.560057,-11.408159,-12.682897,-7.466373,-7.0521297,-11.732207,7,5,0.15,0.1,0.0,0.14,0.61
53.14725,-13.376891,6.780156,-14.4222355,-9.201619,-8.547552,-9.071705,-10.396271,-7.171692,-9.940131,-4.793927,-8.469102,7,4,0.2,0.13,0.12,0.29,0.26
25.728859,-64.20872,-11.419353,-40.585148,-15.108801,-18.618711,-20.019548,-5.955391,-1.5523473,-4.337111,8.772257,-1.0053296,7,5,0.06,0.04,0.02,0.02,0.86
48.129604,-54.782402,1.9441012,-35.254158,-13.280765,-13.622759,-21.778711,-12.957837,-19.323324,-9.934681,-1.3145931,0.024916433,7,5,0.1,0.09,0.01,0.06,0.74
49.140068,-5.6484256,4.7568336,-18.98237,-5.61522,-5.634306,-15.573454,-8.537062,-9.486181,-10.712504,-3.7567124,-9.494405,7,5,0.08,0.06,0.07,0.23,0.56
19.404228,-56.377235,-8.0079565,-35.966984,-10.935666,-11.05831,-13.213659,-4.49073,-1.7984058,-4.354623,8.084526,-4.2556014,7,5,0.03,0.02,0.03,0.07,0.85
22.524008,-52.468754,-6.672325,-35.852497,-17.534046,-15.139683,-24.685606,-10.155131,-0.65431464,-9.800546,6.748957,-6.3483505,7,5,0.11,0.06,0.03,0.01,0.79
40.782818,-8.2637825,9.066084,0.12189544,11.269938,5.1332893,1.9879576,2.2219543,2.7765808,-4.3821383,4.106023,-3.0092397,7,3,0.18,0.31,0.37,0.11,0.03
60.0582,-20.491528,1.2316695,-20.615839,2.578223,-1.9071581,-10.374434,-4.9354534,-12.216122,-9.572887,3.6948133,-15.217842,7,5,0.12,0.05,0.02,0.26,0.55
52.47864,-11.717281,4.4811835,-18.190182,-2.6795933,-8.201822,-7.990989,-12.958368,-5.486231,-10.151202,-0.6776636,-13.454789,7,4,0.22,0.13,0.16,0.29,0.2
71.68156,-21.47806,-5.0221357,-23.479925,-1.1052399,-11.913584,-10.4631605,-7.4350114,-11.355364,-14.15468,-3.027106,-10.691213,7,5,0.09,0.07,0.08,0.14,0.62
72.645966,-24.815165,1.6446153,-10.446892,2.886355,-7.6512847,0.4842427,-8.532559,-3.4379435,-7.8385077,-2.7520187,-10.06222,7,3,0.14,0.28,0.33,0.13,0.12
53.300964,-8.856723,11.913755,-4.720734,-12.511609,-5.2612414,-4.8402214,-8.411539,-8.101936,-10.279421,1.6803848,-11.9959345,7,4,0.14,0.21,0.2,0.37,0.08
44.11568,-44.69868,-14.787688,-29.921566,-8.7223835,-4.083456,-13.124392,-1.2629021,3.8021443,-1.5795802,11.246543,1.9988407,7,5,0.06,0.06,0.08,0.12,0.68
37.593998,-53.430206,4.0422072,-42.417915,-8.102426,-19.543982,-23.336445,-5.3179045,-16.486044,-10.121231,2.777661,2.916017,7,5,0.03,0.03,0.0,0.04,0.9
76.678825,-24.44448,15.943551,-9.497895,-14.015878,8.983788,-7.5138607,-6.2695885,-8.632624,-14.35849,-0.09055322,-15.641953,7,2,0.23,0.38,0.13,0.16,0.1
62.968502,-31.339214,-6.453042,-28.922073,-1.5016649,-11.9629545,-21.948301,-11.358175,-11.912633,-15.302956,-5.287357,-14.220051,7,5,0.1,0.01,0.01,0.05,0.83
6.84007,-58.412228,-2.2146652,-43.417416,-19.02141,-12.51662,-22.06321,-8.146367,0.9301444,-5.817141,12.293401,-2.485505,7,5,0.04,0.04,0.04,0.04,0.84
16.866436,-0.078505985,-4.4824343,-5.4953876,2.4690373,-4.1301956,1.4019806,-0.49405175,0.046898894,-4.4493275,4.566563,4.017201,7,3,0.3,0.06,0.35,0.22,0.07
16.37832,3.2701368,6.5391026,-9.420768,-10.000807,-5.3831615,-2.8808413,-8.066556,-3.2696242,-6.211466,-0.35041288,-9.036809,7,4,0.15,0.13,0.1,0.48,0.14
69.574036,-33.474937,3.5755785,-19.84546,-13.079664,-13.119695,-16.143885,-4.2842107,-14.752585,-9.347742,-4.5231414,-11.414361,7,5,0.16,0.07,0.01,0.16,0.6
81.76089,-22.845032,11.990941,-18.777185,0.3356238,-8.831631,-4.277084,-6.8177958,-2.5756493,-11.4557905,0.1459653,-10.560806,7,2,0.22,0.35,0.22,0.12,0.09
16.663368,-26.969866,8.751976,-22.389381,-12.608056,-7.429844,-13.3625145,-7.535402,-8.561019,-4.9474277,-2.7466745,-10.362851,7,5,0.1,0.05,0.03,0.24,0.58
58.75288,-9.643421,12.220953,-8.761493,6.9704514,-4.4128284,5.604607,-1.1375308,6.036659,-9.045184,-0.8078936,-2.7807713,7,2,0.1,0.44,0.27,0.14,0.05
12.9726515,-3.561815,-2.772235,-7.9716606,-3.2044342,-3.9468062,-0.3280568,-3.250872,-1.6238388,-4.30243,6.463725,4.403989,7,1,0.35,0.08,0.23,0.22,0.12
18.80585,-43.44164,-4.8581476,-27.242111,-6.7230144,-12.850298,-1.1311858,-9.02581,-7.743172,-6.934876,8.926816,3.9422934,7,5,0.12,0.21,0.1,0.05,0.52
29.146286,-17.723944,-5.7580338,-12.88019,1.6494789,-8.430699,-5.2060685,0.2162753,-1.6956705,-6.6522226,5.8789377,5.389904,7,3,0.24,0.06,0.25,0.24,0.21
64.21324,-16.239225,14.212365,-17.544195,2.7992015,-4.1153984,4.85515,1.3482692,-8.64678,-9.613067,-8.844619,-13.294554,7,4,0.04,0.01,0.06,0.73,0.16
71.23687,0.6748498,10.886434,-26.484661,2.2873242,-4.0941105,-6.455292,-1.6540047,-8.767731,-10.446542,-11.589793,-14.213538,7,4,0.05,0.0,0.05,0.53,0.37
49.094933,0.7793245,-2.947685,-14.083658,3.6607075,1.9598024,2.2438316,4.1593394,-2.2878606,-3.3453953,-4.0861397,-7.43858,7,4,0.1,0.1,0.11,0.51,0.18
39.060238,1.5542861,7.9991174,-20.774187,-0.33949476,-0.67301875,0.7773431,0.9802379,-5.704288,-7.4863563,-6.769757,-13.673843,7,4,0.03,0.01,0.04,0.73,0.19
76.757225,4.695884,3.6744173,-26.95277,6.9544983,-2.249225,-6.190173,-1.6487265,-11.752617,-8.666134,-7.725215,-13.272689,7,5,0.03,0.01,0.04,0.38,0.54
68.23839,3.9895604,22.978037,-22.224085,0.12934321,0.65313315,0.69508386,-3.321734,-9.519803,-10.368848,-10.76256,-10.575099,7,4,0.09,0.11,0.14,0.4,0.26
52.978493,0.4296868,11.259215,-17.976326,-0.38316268,-4.5232224,1.3422523,0.0952926,-9.657702,-10.595329,-7.756091,-11.121809,7,4,0.03,0.06,0.08,0.66,0.17
72.405205,-2.2424412,6.567977,-25.372816,-3.3388846,-1.5130379,-6.58953,0.009661357,-13.027121,-6.255432,-8.65873,-10.819518,7,5,0.03,0.03,0.06,0.38,0.5
78.39983,0.5692513,12.97151,-25.423475,-0.7850028,-2.240006,-5.360397,-3.3287103,-9.318878,-10.09799,-6.0180683,-15.122913,7,4,0.06,0.05,0.09,0.51,0.29
60.50056,-0.26256877,1.5951635,-14.428467,5.2741046,8.62728,2.9271991,1.6962727,0.20736861,-3.418031,-6.742182,-11.782063,7,4,0.03,0.21,0.11,0.45,0.2
64.559265,6.573011,-0.40875039,-23.335356,4.9163394,1.827571,-1.8561962,2.1196976,-6.0714784,-8.908928,-3.6460416,-8.796736,7,5,0.09,0.04,0.15,0.3,0.42
83.120224,-13.504129,-5.5916085,-28.024296,12.21103,4.409301,-2.8652003,-3.2324998,-11.20449,-8.168962,-11.917244,-11.539432,7,5,0.01,0.11,0.1,0.11,0.67
52.048317,2.2228837,-5.708518,-12.728918,1.68249,-0.14503223,0.8606479,-0.12892787,-7.1397967,-4.4363527,-2.0524185,-8.6824465,7,4,0.05,0.1,0.18,0.39,0.28
54.245464,-3.0408092,-10.497913,-15.900429,5.9909573,-3.220251,-1.0407803,-0.608595,-6.191634,-5.3305826,-1.6523172,-8.413479,7,4,0.06,0.07,0.2,0.34,0.33
51.72953,-13.7346325,8.166863,-14.25582,0.93498313,-3.3292303,-1.7257513,-2.9571357,-8.545736,-5.6903744,-7.2861037,-9.924427,7,4,0.03,0.05,0.05,0.48,0.39
75.82092,-14.645517,-7.2999706,-22.880568,6.611455,1.7848928,-5.0452833,0.5188485,-11.282036,-2.4892495,-6.211091,-12.664041,7,5,0.01,0.03,0.01,0.21,0.74
57.581043,-10.570521,9.457711,-24.643015,-0.78609234,-4.6215734,2.3001516,-0.26124036,-8.173917,-12.255889,-6.361034,-13.150486,7,4,0.0,0.02,0.03,0.63,0.32
67.53338,-0.6403752,8.197122,-24.01119,5.002526,-0.013799218,-9.355286,0.7192109,-9.275936,-12.953078,-4.8322825,-9.774059,7,5,0.03,0.05,0.07,0.36,0.49
58.819557,1.9554055,6.7224674,-27.375866,13.115943,-3.9063382,1.8540809,-4.150678,-4.243623,-10.938307,-6.4669943,-5.3397827,7,5,0.08,0.08,0.2,0.27,0.37
53.420925,-0.8583868,14.064966,-27.693108,3.803684,-6.2601657,3.3297462,-0.63182414,-9.414713,-14.320517,-6.6063523,-12.351759,7,4,0.05,0.03,0.06,0.55,0.31
75.75916,-7.156988,-2.486154,-22.908176,10.95234,2.0893683,-1.3678358,1.466796,-5.664513,-8.5301285,-6.2064357,-8.158045,7,4,0.04,0.15,0.08,0.37,0.36
38.140247,-3.650965,6.0717735,-24.090742,-8.726589,-1.8124695,-4.096725,-4.1908736,-11.510222,-13.506521,-5.626478,-14.953613,7,5,0.01,0.05,0.0,0.45,0.49
40.73588,-13.60242,13.513241,-19.461414,-4.395546,2.832734,3.2321239,-5.92946,-8.283512,-8.072577,-6.6615586,-10.086674,7,4,0.1,0.15,0.1,0.33,0.32
68.04675,2.898019,4.4141555,-25.839457,5.6106944,1.0972301,-3.894052,1.6044095,-9.291725,-9.780758,-9.699379,-14.944165,7,4,0.0,0.01,0.05,0.51,0.43
46.780552,-12.892688,-7.5129814,-23.272404,7.304262,1.3146298,-4.647184,-4.882716,-3.7887971,-8.669386,-2.014146,-4.5278106,7,5,0.23,0.08,0.08,0.12,0.49
67.948746,-18.405773,6.977062,-27.96446,7.253329,-3.634153,-1.4249262,6.3546376,-9.881208,-6.17647,-7.239066,-15.300588,7,4,0.01,0.03,0.02,0.51,0.43
63.340187,2.74001,18.122635,-39.211395,-0.7121835,-3.6257427,-6.9936185,-2.3920798,-15.358624,-13.225643,-12.380185,-15.783518,7,5,0.0,0.0,0.01,0.46,0.53
11.224549,-33.669,3.5335672,-34.272713,-21.050621,-7.007296,-18.464157,-12.522666,-10.718914,-16.469208,7.18524,-2.4935713,7,5,0.08,0.02,0.04,0.04,0.82
30.035624,-34.200752,-6.1617737,-35.605175,-13.307817,-2.4019425,-12.4078245,-10.787711,-7.091155,-26.485033,-1.8489122,-12.4823885,7,5,0.19,0.02,0.19,0.1,0.5
21.431162,-38.78685,-6.985463,-37.22655,-15.586186,-6.8286123,-11.681348,-8.210397,-9.606093,-14.09247,10.033651,-4.5754037,7,5,0.1,0.02,0.07,0.07,0.74
-0.4162702,-50.892326,-12.02359,-45.859188,-16.033432,-15.13274,-22.17164,-1.3926908,4.3777895,-8.326002,19.080448,-0.29652163,7,5,0.05,0.01,0.05,0.02,0.87
20.78629,-42.67316,-29.610226,-42.366848,-9.149698,-13.775452,-16.091528,6.646137,5.8689146,-6.8196287,5.288075,-5.0153594,7,5,0.03,0.04,0.02,0.07,0.84
59.962826,-21.76601,11.240205,-33.064137,-6.2979007,-16.816582,-8.752251,0.1929573,-22.861631,-16.92211,-7.7353344,-20.515886,7,5,0.01,0.02,0.02,0.45,0.5
50.014366,-25.728247,-2.6595688,-20.432575,-11.091951,-8.379238,-6.4567037,3.4087903,-8.294882,-12.129668,-3.4058404,-8.572705,7,5,0.09,0.16,0.07,0.27,0.41
59.710075,-18.161472,-10.4217205,-24.787819,0.51385045,-7.1719804,-12.7446575,0.8968867,-12.060352,-10.942611,-8.497103,-12.608251,7,5,0.01,0.02,0.0,0.26,0.71
19.9339,-3.6394522,-2.491121,-16.218946,-5.731479,-8.465883,-2.9246607,-4.0007477,-8.081883,-9.262054,-2.1377747,-5.372887,7,5,0.13,0.09,0.08,0.31,0.39
68.88118,-42.06425,-4.908422,-24.435602,-3.5210605,-7.4526954,-5.1752357,-0.024894614,-15.149315,-12.636418,-6.0943756,-15.45325,7,5,0.0,0.07,0.03,0.23,0.67
23.219748,1.4679419,3.09946,-19.6569,1.1668007,-8.271539,-7.0573916,-4.970792,-7.197963,-9.859584,-4.885157,-13.220584,7,4,0.01,0.06,0.06,0.47,0.4
43.052624,-6.1889524,0.7683284,-13.9517975,-1.8803982,1.2619123,-8.126431,-8.116223,-4.30753,-2.7413414,-2.8783438,-8.036498,7,4,0.14,0.15,0.09,0.32,0.3
78.54879,-39.38469,3.9521625,-25.049595,-3.9004796,-8.428288,-12.379146,-14.985661,-15.448398,-7.5158362,-12.6027975,-19.284077,7,5,0.18,0.11,0.04,0.17,0.5
50.062965,-23.026503,0.12744434,-9.52214,-1.170974,-2.0082932,-3.8279955,-10.1329565,-6.5853543,-4.9362617,-5.0011563,-11.834036,7,1,0.33,0.12,0.06,0.25,0.24
31.23504,-52.156094,6.2214437,-19.156487,-11.03481,-3.7398217,-5.59586,-3.4901679,-5.9068666,-10.199557,-3.1208286,-14.445375,7,4,0.1,0.15,0.09,0.38,0.28
30.51022,-58.504913,4.004945,-25.385542,-15.382724,-10.853049,-8.296487,-4.628665,-12.190688,-13.631066,-7.885099,-13.033928,7,5,0.09,0.13,0.04,0.29,0.45
29.052832,-26.124113,-1.6885363,-9.880139,-12.857688,-8.776485,-0.6750743,-2.748967,-4.9496274,-13.725589,-0.48713005,-6.925473,7,2,0.09,0.31,0.27,0.16,0.17
21.441814,-26.240486,3.0561154,-15.347146,-16.28938,-8.918313,-2.4452856,-1.3445275,-10.880085,-14.187676,-0.7227026,-8.801348,7,5,0.04,0.3,0.07,0.28,0.31
